INSERT INTO client (id, name) VALUES
  (1,  'Sakugari'),
  (2,  'BySnoO'),
  (3,  'Ruusskov'),
  (4,  'Lemon Tea'),
  (5,  'Fr29'),
  (6,  'Ashtax'),
  (7,  'Wotop'),
  (8,  'Vadowki'),
  (9,  'Ouah Leouff'),
  (10, 'Abalo'),
  (11, 'YouYou'),
  (12, 'Brqko_x'),
  (13, 'Dess');

INSERT INTO youtube_channel (id, client_id, name, url, position) VALUES
  (1,  1,  'Main channel', 'https://www.youtube.com/@sakuragiaugolem',         0),
  (2,  2,  'Main channel', 'https://www.youtube.com/@BySnoO',                  0),
  (3,  3,  'Main channel', 'https://www.youtube.com/@ruusskov',                0),
  (4,  4,  'Main channel', 'https://www.youtube.com/@lemonteaclashroyale',     0),
  (5,  4,  'Second channel','https://www.youtube.com/@lemonteaclashroyale2',   1),
  (6,  5,  'Main channel', 'https://www.youtube.com/@Fr_29',                   0),
  (7,  6,  'Main channel', 'https://www.youtube.com/@Ashtax',                  0),
  (8,  7,  'Main channel', 'https://www.youtube.com/@Wotop',                   0),
  (9,  8,  'Main channel', 'https://www.youtube.com/@VadowkiSB',               0),
  (10, 9,  'Main channel', 'https://www.youtube.com/@OuahLeouff',              0),
  (11, 10, 'Main channel', 'https://www.youtube.com/@AbaloCoc',                0),
  (12, 11, 'Main channel', 'https://www.youtube.com/@Youyouu',                 0),
  (13, 12, 'Main channel', 'https://www.youtube.com/@Brqko_x',                 0),
  (14, 13, 'Main channel', 'https://www.youtube.com/@Dess2211',                0);

INSERT INTO "order" (title, brief, price, status, due_at, created_at, updated_at, client_id, paid) VALUES
  ('Broken', NULL, 500, 'finished', '2025-10-31 12:00:00', '2025-11-20 12:00:00', '2025-11-20 12:00:00', 5, 1),
  ('Meilleur joureur double futs', NULL, 500, 'finished', '2025-10-29 12:00:00', '2025-11-20 12:00:00', '2025-11-20 12:00:00', 5, 1),
  ('Nouveau deck bait', NULL, 500, 'finished', '2025-10-27 12:00:00', '2025-11-20 12:00:00', '2025-11-20 12:00:00', 5, 1),
  ('20 victoires avec logbait', NULL, 500, 'finished', '2025-10-25 12:00:00', '2025-11-20 12:00:00', '2025-11-20 12:00:00', 5, 1),
  ('5 meilleurs deck bait', NULL, 500, 'finished', '2025-10-23 12:00:00', '2025-11-20 12:00:00', '2025-11-20 12:00:00', 5, 1),
  ('Nouvelle evo', NULL, 500, 'finished', '2025-10-21 12:00:00', '2025-11-20 12:00:00', '2025-11-20 12:00:00', 5, 1),
  ('Meilleurs deck', NULL, 500, 'finished', '2025-10-19 12:00:00', '2025-11-20 12:00:00', '2025-11-20 12:00:00', 5, 1),
  ('100% spam', NULL, 500, 'finished', '2025-10-17 12:00:00', '2025-11-20 12:00:00', '2025-11-20 12:00:00', 5, 1),
  ('Toujours boosted', NULL, 500, 'finished', '2025-10-15 12:00:00', '2025-11-20 12:00:00', '2025-11-20 12:00:00', 5, 1),
  ('Mortier bait', NULL, 500, 'finished', '2025-10-13 12:00:00', '2025-11-20 12:00:00', '2025-11-20 12:00:00', 5, 1),
  ('Nouveau logbait', NULL, 500, 'finished', '2025-10-11 12:00:00', '2025-11-20 12:00:00', '2025-11-20 12:00:00', 5, 1),
  ('Nouvelle meta', NULL, 500, 'finished', '2025-10-09 12:00:00', '2025-11-20 12:00:00', '2025-11-20 12:00:00', 5, 1),
  ('Nouveau deck spam', NULL, 500, 'finished', '2025-10-07 12:00:00', '2025-11-20 12:00:00', '2025-11-20 12:00:00', 5, 1),
  ('Meilleur deck champions', NULL, 500, 'finished', '2025-10-05 12:00:00', '2025-11-20 12:00:00', '2025-11-20 12:00:00', 5, 1),
  ('100% no skill', NULL, 500, 'finished', '2025-09-30 12:00:00', '2025-11-20 12:00:00', '2025-11-20 12:00:00', 5, 1),
  ('+200 elos', NULL, 500, 'finished', '2025-09-28 12:00:00', '2025-11-20 12:00:00', '2025-11-20 12:00:00', 5, 1),
  ('Rush midladder', NULL, 500, 'finished', '2025-09-26 12:00:00', '2025-11-20 12:00:00', '2025-11-20 12:00:00', 5, 1),
  ('Spam bait', NULL, 500, 'finished', '2025-09-24 12:00:00', '2025-11-20 12:00:00', '2025-11-20 12:00:00', 5, 1),
  ('Mineur sapeurs', NULL, 500, 'finished', '2025-09-22 12:00:00', '2025-11-20 12:00:00', '2025-11-20 12:00:00', 5, 1),
  ('Champion Oublié', NULL, 500, 'finished', '2025-09-20 12:00:00', '2025-11-20 12:00:00', '2025-11-20 12:00:00', 5, 1),
  ('Logbait spam', NULL, 500, 'finished', '2025-09-18 12:00:00', '2025-11-20 12:00:00', '2025-11-20 12:00:00', 5, 1),
  ('Guide défensif', NULL, 500, 'finished', '2025-09-16 12:00:00', '2025-11-20 12:00:00', '2025-11-20 12:00:00', 5, 1),
  ('Sous côtés', NULL, 500, 'finished', '2025-09-14 12:00:00', '2025-11-20 12:00:00', '2025-11-20 12:00:00', 5, 1),
  ('Counter meta', NULL, 500, 'finished', '2025-09-12 12:00:00', '2025-11-20 12:00:00', '2025-11-20 12:00:00', 5, 1),
  ('Détruit meta', NULL, 500, 'finished', '2025-09-10 12:00:00', '2025-11-20 12:00:00', '2025-11-20 12:00:00', 5, 1),
  ('Meilleur logbait ronce', NULL, 500, 'finished', '2025-09-08 12:00:00', '2025-11-20 12:00:00', '2025-11-20 12:00:00', 5, 1),
  ('Nouveau logbait', NULL, 500, 'finished', '2025-09-06 12:00:00', '2025-11-20 12:00:00', '2025-11-20 12:00:00', 5, 1),
  ('Deck préféré', NULL, 500, 'finished', '2025-08-31 12:00:00', '2025-11-20 12:00:00', '2025-11-20 12:00:00', 5, 1),
  ('Counter no skill', NULL, 500, 'finished', '2025-08-29 12:00:00', '2025-11-20 12:00:00', '2025-11-20 12:00:00', 5, 1),
  ('Rush 16k trophées', NULL, 500, 'finished', '2025-08-27 12:00:00', '2025-11-20 12:00:00', '2025-11-20 12:00:00', 5, 1),
  ('Logbait mort?', NULL, 500, 'finished', '2025-08-25 12:00:00', '2025-11-20 12:00:00', '2025-11-20 12:00:00', 5, 1),
  ('Deck français', NULL, 500, 'finished', '2025-08-23 12:00:00', '2025-11-20 12:00:00', '2025-11-20 12:00:00', 5, 1),
  ('Conseils & astuces', NULL, 500, 'finished', '2025-08-21 12:00:00', '2025-11-20 12:00:00', '2025-11-20 12:00:00', 5, 1),
  ('Meilleur double futs', NULL, 500, 'finished', '2025-08-19 12:00:00', '2025-11-20 12:00:00', '2025-11-20 12:00:00', 5, 1),
  ('Meilleur combo', NULL, 500, 'finished', '2025-08-17 12:00:00', '2025-11-20 12:00:00', '2025-11-20 12:00:00', 5, 1),
  ('1.8 cycle', NULL, 500, 'finished', '2025-08-15 12:00:00', '2025-11-20 12:00:00', '2025-11-20 12:00:00', 5, 1),
  ('Nouveau deck double futs', NULL, 500, 'finished', '2025-08-13 12:00:00', '2025-11-20 12:00:00', '2025-11-20 12:00:00', 5, 1),
  ('Meilleur deck', NULL, 500, 'finished', '2025-08-11 12:00:00', '2025-11-20 12:00:00', '2025-11-20 12:00:00', 5, 1),
  ('Counter meta', NULL, 500, 'finished', '2025-08-09 12:00:00', '2025-11-20 12:00:00', '2025-11-20 12:00:00', 5, 1),
  ('Sous côté', NULL, 500, 'finished', '2025-07-31 12:00:00', '2025-11-20 12:00:00', '2025-11-20 12:00:00', 5, 1),
  ('Triple spamm', NULL, 500, 'finished', '2025-07-29 12:00:00', '2025-11-20 12:00:00', '2025-11-20 12:00:00', 5, 1),
  ('Rush top ladder', NULL, 500, 'finished', '2025-07-27 12:00:00', '2025-11-20 12:00:00', '2025-11-20 12:00:00', 5, 1),
  ('0 win condition', NULL, 500, 'finished', '2025-07-25 12:00:00', '2025-11-20 12:00:00', '2025-11-20 12:00:00', 5, 1),
  ('Guide 2025 double futs', NULL, 500, 'finished', '2025-07-23 12:00:00', '2025-11-20 12:00:00', '2025-11-20 12:00:00', 5, 1),
  ('Foreuse de retour', NULL, 500, 'finished', '2025-07-21 12:00:00', '2025-11-20 12:00:00', '2025-11-20 12:00:00', 5, 1),
  ('Meilleur deck double futs', NULL, 500, 'finished', '2025-07-19 12:00:00', '2025-11-20 12:00:00', '2025-11-20 12:00:00', 5, 1),
  ('Nouveau deck defensif', NULL, 500, 'finished', '2025-07-17 12:00:00', '2025-11-20 12:00:00', '2025-11-20 12:00:00', 5, 1),
  ('Le retour du miroir', NULL, 500, 'finished', '2025-07-15 12:00:00', '2025-11-20 12:00:00', '2025-11-20 12:00:00', 5, 1),
  ('Broken?', NULL, 500, 'finished', '2025-07-13 12:00:00', '2025-11-20 12:00:00', '2025-11-20 12:00:00', 5, 1),
  ('Meilleur deck double futs', NULL, 500, 'finished', '2025-07-11 12:00:00', '2025-11-20 12:00:00', '2025-11-20 12:00:00', 5, 1),
  ('Counter meta', NULL, 500, 'finished', '2025-07-09 12:00:00', '2025-11-20 12:00:00', '2025-11-20 12:00:00', 5, 1),
  ('Copier deck', NULL, 500, 'finished', '2025-07-07 12:00:00', '2025-11-20 12:00:00', '2025-11-20 12:00:00', 5, 1),
  ('100% win rate', NULL, 500, 'finished', '2025-06-30 12:00:00', '2025-11-20 12:00:00', '2025-11-20 12:00:00', 5, 1),
  ('Aucun counter', NULL, 500, 'finished', '2025-06-28 12:00:00', '2025-11-20 12:00:00', '2025-11-20 12:00:00', 5, 1),
  ('100% toxic', NULL, 500, 'finished', '2025-06-26 12:00:00', '2025-11-20 12:00:00', '2025-11-20 12:00:00', 5, 1),
  ('Logbait spam', NULL, 500, 'finished', '2025-06-24 12:00:00', '2025-11-20 12:00:00', '2025-11-20 12:00:00', 5, 1),
  ('Détruire mid ladder', NULL, 500, 'finished', '2025-06-22 12:00:00', '2025-11-20 12:00:00', '2025-11-20 12:00:00', 5, 1),
  ('100% win rate', NULL, 500, 'finished', '2025-06-20 12:00:00', '2025-11-20 12:00:00', '2025-11-20 12:00:00', 5, 1),
  ('Détruire top 10k', NULL, 500, 'finished', '2025-06-18 12:00:00', '2025-11-20 12:00:00', '2025-11-20 12:00:00', 5, 1),
  ('Deck imbattable', NULL, 500, 'finished', '2025-06-16 12:00:00', '2025-11-20 12:00:00', '2025-11-20 12:00:00', 5, 1),
  ('Broken', NULL, 500, 'finished', '2025-06-14 12:00:00', '2025-11-20 12:00:00', '2025-11-20 12:00:00', 5, 1),
  ('12 victoires facile', NULL, 500, 'finished', '2025-06-12 12:00:00', '2025-11-20 12:00:00', '2025-11-20 12:00:00', 5, 1),
  ('Deck boosted', NULL, 500, 'finished', '2025-06-10 12:00:00', '2025-11-20 12:00:00', '2025-11-20 12:00:00', 5, 1),
  ('Deck préféré', NULL, 500, 'finished', '2025-06-08 12:00:00', '2025-11-20 12:00:00', '2025-11-20 12:00:00', 5, 1),
  ('Top 200', NULL, 500, 'finished', '2025-06-06 12:00:00', '2025-11-20 12:00:00', '2025-11-20 12:00:00', 5, 1),
  ('Rush Logbait', NULL, 500, 'finished', '2025-05-31 12:00:00', '2025-11-20 12:00:00', '2025-11-20 12:00:00', 5, 1),
  ('Objectif top 1000', NULL, 500, 'finished', '2025-05-29 12:00:00', '2025-11-20 12:00:00', '2025-11-20 12:00:00', 5, 1),
  ('Gros buff', NULL, 500, 'finished', '2025-05-27 12:00:00', '2025-11-20 12:00:00', '2025-11-20 12:00:00', 5, 1),
  ('100% no skill', NULL, 500, 'finished', '2025-05-25 12:00:00', '2025-11-20 12:00:00', '2025-11-20 12:00:00', 5, 1),
  ('Meilleur combo', NULL, 500, 'finished', '2025-05-23 12:00:00', '2025-11-20 12:00:00', '2025-11-20 12:00:00', 5, 1),
  ('Toujours boosted', NULL, 500, 'finished', '2025-05-21 12:00:00', '2025-11-20 12:00:00', '2025-11-20 12:00:00', 5, 1),
  ('Double futs top ladder', NULL, 500, 'finished', '2025-05-19 12:00:00', '2025-11-20 12:00:00', '2025-11-20 12:00:00', 5, 1),
  ('Meilleur deck cycle', NULL, 500, 'finished', '2025-05-17 12:00:00', '2025-11-20 12:00:00', '2025-11-20 12:00:00', 5, 1),
  ('Guide cochon 2.6', NULL, 500, 'finished', '2025-05-15 12:00:00', '2025-11-20 12:00:00', '2025-11-20 12:00:00', 5, 1),
  ('Nouveau deck logbait', NULL, 500, 'finished', '2025-05-13 12:00:00', '2025-11-20 12:00:00', '2025-11-20 12:00:00', 5, 1),
  ('Enfin meta', NULL, 500, 'finished', '2025-05-11 12:00:00', '2025-11-20 12:00:00', '2025-11-20 12:00:00', 5, 1),
  ('Fin de saison', NULL, 500, 'finished', '2025-05-09 12:00:00', '2025-11-20 12:00:00', '2025-11-20 12:00:00', 5, 1),
  ('Cycle sorts', NULL, 500, 'finished', '2025-05-07 12:00:00', '2025-11-20 12:00:00', '2025-11-20 12:00:00', 5, 1),
  ('Sous coté', NULL, 500, 'finished', '2025-04-30 12:00:00', '2025-11-20 12:00:00', '2025-11-20 12:00:00', 5, 1),
  ('Meilleur deck de la meta', NULL, 500, 'finished', '2025-04-28 12:00:00', '2025-11-20 12:00:00', '2025-11-20 12:00:00', 5, 1),
  ('Le retour?', NULL, 500, 'finished', '2025-04-26 12:00:00', '2025-11-20 12:00:00', '2025-11-20 12:00:00', 5, 1),
  ('100% no skill', NULL, 500, 'finished', '2025-04-24 12:00:00', '2025-11-20 12:00:00', '2025-11-20 12:00:00', 5, 1),
  ('+200 elos facile', NULL, 500, 'finished', '2025-04-22 12:00:00', '2025-11-20 12:00:00', '2025-11-20 12:00:00', 5, 1),
  ('Deck free to play', NULL, 500, 'finished', '2025-04-20 12:00:00', '2025-11-20 12:00:00', '2025-11-20 12:00:00', 5, 1),
  ('Meilleur deck defensif', NULL, 500, 'finished', '2025-04-18 12:00:00', '2025-11-20 12:00:00', '2025-11-20 12:00:00', 5, 1),
  ('Guide ultime lobait spamm', NULL, 500, 'finished', '2025-04-16 12:00:00', '2025-11-20 12:00:00', '2025-11-20 12:00:00', 5, 1),
  ('Broken', NULL, 500, 'finished', '2025-04-14 12:00:00', '2025-11-20 12:00:00', '2025-11-20 12:00:00', 5, 1),
  ('Contre la meta', NULL, 500, 'finished', '2025-04-12 12:00:00', '2025-11-20 12:00:00', '2025-11-20 12:00:00', 5, 1),
  ('Meilleur deck bourreau', NULL, 500, 'finished', '2025-04-10 12:00:00', '2025-11-20 12:00:00', '2025-11-20 12:00:00', 5, 1),
  ('Nouveau deck spamm', NULL, 500, 'finished', '2025-03-31 12:00:00', '2025-11-20 12:00:00', '2025-11-20 12:00:00', 5, 1),
  ('Rush logbait', NULL, 500, 'finished', '2025-03-29 12:00:00', '2025-11-20 12:00:00', '2025-11-20 12:00:00', 5, 1),
  ('Deck sous coté', NULL, 500, 'finished', '2025-03-27 12:00:00', '2025-11-20 12:00:00', '2025-11-20 12:00:00', 5, 1),
  ('350 elos en 40 minutes', NULL, 500, 'finished', '2025-03-25 12:00:00', '2025-11-20 12:00:00', '2025-11-20 12:00:00', 5, 1),
  ('100% win rate', NULL, 500, 'finished', '2025-03-23 12:00:00', '2025-11-20 12:00:00', '2025-11-20 12:00:00', 5, 1),
  ('Deck boosted', NULL, 500, 'finished', '2025-03-21 12:00:00', '2025-11-20 12:00:00', '2025-11-20 12:00:00', 5, 1),
  ('Dernier rush rétro', NULL, 500, 'finished', '2025-03-19 12:00:00', '2025-11-20 12:00:00', '2025-11-20 12:00:00', 5, 1),
  ('Meilleur mode?', NULL, 500, 'finished', '2025-03-17 12:00:00', '2025-11-20 12:00:00', '2025-11-20 12:00:00', 5, 1),
  ('Deck no skill', NULL, 500, 'finished', '2025-03-15 12:00:00', '2025-11-20 12:00:00', '2025-11-20 12:00:00', 5, 1),
  ('Rush logbait', NULL, 500, 'finished', '2025-03-13 12:00:00', '2025-11-20 12:00:00', '2025-11-20 12:00:00', 5, 1),
  ('Enfin méta', NULL, 500, 'finished', '2025-03-11 12:00:00', '2025-11-20 12:00:00', '2025-11-20 12:00:00', 5, 1),
  ('Meilleur decks saison og', NULL, 500, 'finished', '2025-03-09 12:00:00', '2025-11-20 12:00:00', '2025-11-20 12:00:00', 5, 1),
  ('Guide logbait classique', NULL, 500, 'finished', '2025-03-07 12:00:00', '2025-11-20 12:00:00', '2025-11-20 12:00:00', 5, 1),
  ('Broken', NULL, 500, 'finished', '2025-03-05 12:00:00', '2025-11-20 12:00:00', '2025-11-20 12:00:00', 5, 1),
  ('Meilleur deck', NULL, 500, 'finished', '2025-03-03 12:00:00', '2025-11-20 12:00:00', '2025-11-20 12:00:00', 5, 1),
  ('Double futs', NULL, 500, 'finished', '2025-03-01 12:00:00', '2025-11-20 12:00:00', '2025-11-20 12:00:00', 5, 1),
  ('Fin de saison top ou flop', NULL, 500, 'finished', '2024-12-02 12:00:00', '2025-11-20 12:00:00', '2025-11-20 12:00:00', 5, 1),
  ('Logbait vs counter', NULL, 500, 'finished', '2025-02-24 12:00:00', '2025-11-20 12:00:00', '2025-11-20 12:00:00', 5, 1),
  ('De retour', NULL, 500, 'finished', '2025-02-26 12:00:00', '2025-11-20 12:00:00', '2025-11-20 12:00:00', 5, 1);

INSERT INTO "order"
  (title, brief, price, status, due_at, created_at, updated_at, client_id, paid)
VALUES
  ('Defis 20 wins j2',               NULL, 2500, 'finished', '2025-10-31 12:00:00', '2025-11-20 12:00:00', '2025-11-20 12:00:00', 6, 1),
  ('Defis 20 wins j1',               NULL, 2500, 'finished', '2025-10-28 12:00:00', '2025-11-20 12:00:00', '2025-11-20 12:00:00', 6, 1),
  ('Clashtax tirage triple 2',       NULL, 2500, 'finished', '2025-10-25 12:00:00', '2025-11-20 12:00:00', '2025-11-20 12:00:00', 6, 1),
  ('Clashtax mort subite 3',         NULL, 2500, 'finished', '2025-10-22 12:00:00', '2025-11-20 12:00:00', '2025-11-20 12:00:00', 6, 1),
  ('Clashtax classique 8',           NULL, 2500, 'finished', '2025-10-19 12:00:00', '2025-11-20 12:00:00', '2025-11-20 12:00:00', 6, 1),
  ('Clashtax classique 7',           NULL, 2500, 'finished', '2025-10-16 12:00:00', '2025-11-20 12:00:00', '2025-11-20 12:00:00', 6, 1),
  ('8 pires metrises',               NULL, 2500, 'finished', '2025-10-13 12:00:00', '2025-11-20 12:00:00', '2025-11-20 12:00:00', 6, 1),
  ('Deck aléatoire',                 NULL, 2500, 'finished', '2025-10-10 12:00:00', '2025-11-20 12:00:00', '2025-11-20 12:00:00', 6, 1),
  ('Faq',                            NULL, 2500, 'finished', '2025-09-30 12:00:00', '2025-11-20 12:00:00', '2025-11-20 12:00:00', 6, 1),
  ('10000 trophee',                  NULL, 5000, 'finished', '2025-08-31 12:00:00', '2025-11-20 12:00:00', '2025-11-20 12:00:00', 6, 1),
  ('Deck geant surpuissant',         NULL, 2500, 'finished', '2025-08-28 12:00:00', '2025-11-20 12:00:00', '2025-11-20 12:00:00', 6, 1),
  ('Sneaky golem',                   NULL, 5000, 'finished', '2025-08-25 12:00:00', '2025-11-20 12:00:00', '2025-11-20 12:00:00', 6, 1),
  ('Dlashtax mega tirage',           NULL, 2500, 'finished', '2025-07-31 12:00:00', '2025-11-20 12:00:00', '2025-11-20 12:00:00', 6, 1),
  ('Dlashtax classique 6',           NULL, 2500, 'finished', '2025-07-28 12:00:00', '2025-11-20 12:00:00', '2025-11-20 12:00:00', 6, 1),
  ('Dlashtax tirage 2',              NULL, 2500, 'finished', '2025-07-25 12:00:00', '2025-11-20 12:00:00', '2025-11-20 12:00:00', 6, 1),
  ('Dlashtax war',                   NULL, 2500, 'finished', '2025-07-22 12:00:00', '2025-11-20 12:00:00', '2025-11-20 12:00:00', 6, 1),
  ('Dlashtax tripl élixir',          NULL, 2500, 'finished', '2025-07-19 12:00:00', '2025-11-20 12:00:00', '2025-11-20 12:00:00', 6, 1),
  ('Dlashtax mort subite 2',         NULL, 2500, 'finished', '2025-06-30 12:00:00', '2025-11-20 12:00:00', '2025-11-20 12:00:00', 6, 1),
  ('Dlashtax classique 4',           NULL, 2500, 'finished', '2025-06-27 12:00:00', '2025-11-20 12:00:00', '2025-11-20 12:00:00', 6, 1),
  ('Ouah 2v2',                       NULL, 2500, 'finished', '2025-06-24 12:00:00', '2025-11-20 12:00:00', '2025-11-20 12:00:00', 6, 1),
  ('Clashtax classique 7',           NULL, 2500, 'finished', '2025-06-21 12:00:00', '2025-11-20 12:00:00', '2025-11-20 12:00:00', 6, 1),
  ('Deck jaune',                     NULL, 2500, 'finished', '2025-06-18 12:00:00', '2025-11-20 12:00:00', '2025-11-20 12:00:00', 6, 1),
  ('Clashtax tirage triple',         NULL, 2500, 'finished', '2025-06-15 12:00:00', '2025-11-20 12:00:00', '2025-11-20 12:00:00', 6, 1),
  ('2v2 abonné',                     NULL, 2500, 'finished', '2025-06-12 12:00:00', '2025-11-20 12:00:00', '2025-11-20 12:00:00', 6, 1),
  ('Clashtax classique 3',           NULL, 2500, 'finished', '2025-05-31 12:00:00', '2025-11-20 12:00:00', '2025-11-20 12:00:00', 6, 1),
  ('Clashtax tirage',                NULL, 2500, 'finished', '2025-05-28 12:00:00', '2025-11-20 12:00:00', '2025-11-20 12:00:00', 6, 1),
  ('Squelette ligue 10',             NULL, 2500, 'finished', '2025-05-25 12:00:00', '2025-11-20 12:00:00', '2025-11-20 12:00:00', 6, 1),
  ('Sorcière evo',                   NULL, 2500, 'finished', '2025-05-22 12:00:00', '2025-11-20 12:00:00', '2025-11-20 12:00:00', 6, 1),
  ('Clashtax',                       NULL, 2500, 'finished', '2025-05-19 12:00:00', '2025-11-20 12:00:00', '2025-11-20 12:00:00', 6, 1),
  ('Dernier coffre',                 NULL, 2500, 'finished', '2025-04-30 12:00:00', '2025-11-20 12:00:00', '2025-11-20 12:00:00', 6, 1),
  ('Deck cheffe des voleuses',       NULL, 2500, 'finished', '2025-04-27 12:00:00', '2025-11-20 12:00:00', '2025-11-20 12:00:00', 6, 1),
  ('Rush rétro',                     NULL, 2500, 'finished', '2025-04-24 12:00:00', '2025-11-20 12:00:00', '2025-11-20 12:00:00', 6, 1),
  ('Cheffes Des voleuses',           NULL, 2500, 'finished', '2025-04-21 12:00:00', '2025-11-20 12:00:00', '2025-11-20 12:00:00', 6, 1),
  ('Deck roux',                      NULL, 2500, 'finished', '2025-03-31 12:00:00', '2025-11-20 12:00:00', '2025-11-20 12:00:00', 6, 1),
  ('Sergio ramos',                   NULL, 2500, 'finished', '2025-03-28 12:00:00', '2025-11-20 12:00:00', '2025-11-20 12:00:00', 6, 1),
  ('Ladder retro',                   NULL, 2500, 'finished', '2025-03-25 12:00:00', '2025-11-20 12:00:00', '2025-11-20 12:00:00', 6, 1),
  ('20000 victoires',                NULL, 2500, 'finished', '2025-03-22 12:00:00', '2025-11-20 12:00:00', '2025-11-20 12:00:00', 6, 1);

INSERT INTO time_entry (minutes, note, created_at, related_order_id) VALUES
  (60,  NULL, CURRENT_TIMESTAMP,
    (SELECT id FROM "order" WHERE title = 'Clashtax classique 7' LIMIT 1)),
  (120, NULL, CURRENT_TIMESTAMP,
    (SELECT id FROM "order" WHERE title = 'Deck aléatoire' LIMIT 1)),
  (43,  NULL, CURRENT_TIMESTAMP,
    (SELECT id FROM "order" WHERE title = 'Clashtax tirage triple 2' LIMIT 1)),
  (50,  NULL, CURRENT_TIMESTAMP,
    (SELECT id FROM "order" WHERE title = 'Clashtax classique 8' LIMIT 1)),
  (120, NULL, CURRENT_TIMESTAMP,
    (SELECT id FROM "order" WHERE title = '8 pires metrises' LIMIT 1)),
  (70,  NULL, CURRENT_TIMESTAMP,
    (SELECT id FROM "order" WHERE title = 'Defis 20 wins j2' LIMIT 1)),
  (70,  NULL, CURRENT_TIMESTAMP,
    (SELECT id FROM "order" WHERE title = 'Defis 20 wins j1' LIMIT 1)),
  (65,  NULL, CURRENT_TIMESTAMP,
    (SELECT id FROM "order" WHERE title = 'Clashtax mort subite 3' LIMIT 1));


INSERT INTO "order"
  (title, brief, price, status, due_at, created_at, updated_at, client_id, paid)
VALUES
  ('Top monde',                 NULL, 500, 'finished', '2025-10-31 12:00:00', '2025-11-20 12:00:00', '2025-11-20 12:00:00', 3, 1),
  ('Spam',                      NULL, 500, 'finished', '2025-10-21 12:00:00', '2025-11-20 12:00:00', '2025-11-20 12:00:00', 3, 1),
  ('inarretable',               NULL, 500, 'finished', '2025-09-30 12:00:00', '2025-11-20 12:00:00', '2025-11-20 12:00:00', 3, 1),
  ('Live septembre',            NULL, 500, 'finished', '2025-09-20 12:00:00', '2025-11-20 12:00:00', '2025-11-20 12:00:00', 3, 1),
  ('Live Aout',                 NULL, 500, 'finished', '2025-08-31 12:00:00', '2025-11-20 12:00:00', '2025-11-20 12:00:00', 3, 1),
  ('Ils sont perdus !',         NULL, 500, 'finished', '2025-08-25 12:00:00', '2025-11-20 12:00:00', '2025-11-20 12:00:00', 3, 1),
  ('Imbatttable',               NULL, 500, 'finished', '2025-08-19 12:00:00', '2025-11-20 12:00:00', '2025-11-20 12:00:00', 3, 1),
  ('Trop Fort ?',               NULL, 500, 'finished', '2025-08-13 12:00:00', '2025-11-20 12:00:00', '2025-11-20 12:00:00', 3, 1),
  ('Live Juillet',              NULL, 500, 'finished', '2025-07-31 12:00:00', '2025-11-20 12:00:00', '2025-11-20 12:00:00', 3, 1),
  ('No brain',                  NULL, 500, 'finished', '2025-07-24 12:00:00', '2025-11-20 12:00:00', '2025-11-20 12:00:00', 3, 1),
  ('Goblin géant no skill',     NULL, 500, 'finished', '2025-07-17 12:00:00', '2025-11-20 12:00:00', '2025-11-20 12:00:00', 3, 1),
  ('Masterclass',               NULL, 500, 'finished', '2025-06-30 12:00:00', '2025-11-20 12:00:00', '2025-11-20 12:00:00', 3, 1),
  ('Live Juin',                 NULL, 500, 'finished', '2025-06-27 12:00:00', '2025-11-20 12:00:00', '2025-11-20 12:00:00', 3, 1),
  ('Top 100',                   NULL, 500, 'finished', '2025-06-24 12:00:00', '2025-11-20 12:00:00', '2025-11-20 12:00:00', 3, 1),
  ('Top 30',                    NULL, 500, 'finished', '2025-06-21 12:00:00', '2025-11-20 12:00:00', '2025-11-20 12:00:00', 3, 1),
  ('2v2 Lemon',                 NULL, 500, 'finished', '2025-06-18 12:00:00', '2025-11-20 12:00:00', '2025-11-20 12:00:00', 3, 1),
  ('Analyse Gartin',            NULL, 500, 'finished', '2025-06-15 12:00:00', '2025-11-20 12:00:00', '2025-11-20 12:00:00', 3, 1),
  ('Imparable',                 NULL, 500, 'finished', '2025-06-12 12:00:00', '2025-11-20 12:00:00', '2025-11-20 12:00:00', 3, 1),
  ('Pack Opening',              NULL, 500, 'finished', '2025-06-09 12:00:00', '2025-11-20 12:00:00', '2025-11-20 12:00:00', 3, 1),
  ('Vs Top1',                   NULL, 500, 'finished', '2025-06-06 12:00:00', '2025-11-20 12:00:00', '2025-11-20 12:00:00', 3, 1),
  ('Live Mai',                  NULL, 500, 'finished', '2025-05-31 12:00:00', '2025-11-20 12:00:00', '2025-11-20 12:00:00', 3, 1),
  ('Vs Momo',                   NULL, 500, 'finished', '2025-05-21 12:00:00', '2025-11-20 12:00:00', '2025-11-20 12:00:00', 3, 1),
  ('Live Avril',                NULL, 500, 'finished', '2025-04-30 12:00:00', '2025-11-20 12:00:00', '2025-11-20 12:00:00', 3, 1),
  ('Retro GR mineur',           NULL, 500, 'finished', '2025-03-31 12:00:00', '2025-11-20 12:00:00', '2025-11-20 12:00:00', 3, 1),
  ('Top Deck Retro',            NULL, 500, 'finished', '2025-03-27 12:00:00', '2025-11-20 12:00:00', '2025-11-20 12:00:00', 3, 1),
  ('Ultra skill',               NULL, 500, 'finished', '2025-03-23 12:00:00', '2025-11-20 12:00:00', '2025-11-20 12:00:00', 3, 1),
  ('Combo utlime',              NULL, 500, 'finished', '2025-03-19 12:00:00', '2025-11-20 12:00:00', '2025-11-20 12:00:00', 3, 1),
  ('Evo chasseur',              NULL, 500, 'finished', '2025-03-15 12:00:00', '2025-11-20 12:00:00', '2025-11-20 12:00:00', 3, 1),
  ('Live Mars',                 NULL, 500, 'finished', '2025-03-11 12:00:00', '2025-11-20 12:00:00', '2025-11-20 12:00:00', 3, 1),
  ('Live Février',              NULL, 500, 'finished', '2025-02-28 12:00:00', '2025-11-20 12:00:00', '2025-11-20 12:00:00', 3, 1),
  ('Ban',                       NULL, 500, 'finished', '2025-02-19 12:00:00', '2025-11-20 12:00:00', '2025-11-20 12:00:00', 3, 1),
  ('Live Janvier',              NULL, 500, 'finished', '2025-01-31 12:00:00', '2025-11-20 12:00:00', '2025-11-20 12:00:00', 3, 1),
  ('Ligue 10 géante runique',   NULL, 500, 'finished', '2025-01-24 12:00:00', '2025-11-20 12:00:00', '2025-11-20 12:00:00', 3, 1),
  ('Best of 20 wins 2024',      NULL, 500, 'finished', '2025-01-17 12:00:00', '2025-11-20 12:00:00', '2025-11-20 12:00:00', 3, 1),
  ('20 wins CRL 2024',          NULL, 500, 'finished', '2024-12-31 12:00:00', '2025-11-20 12:00:00', '2025-11-20 12:00:00', 3, 1),
  ('Live Decembre',             NULL, 500, 'finished', '2024-12-24 12:00:00', '2025-11-20 12:00:00', '2025-11-20 12:00:00', 3, 1),
  ('Live 20 wins CRL 2024',     NULL, 500, 'finished', '2024-12-17 12:00:00', '2025-11-20 12:00:00', '2025-11-20 12:00:00', 3, 1);

